{
  "family_order": [
    "M_exact",
    "M_0",
    "M_rho",
    "M_rho,beta",
    "M_star",
    "M_cluster"
  ],
  "n_trials": 30,
  "n_repeats_per_true_family": 200,
  "seed": 20260408,
  "confusion_matrix": [
    [
      0.79,
      0.0,
      0.14,
      0.0,
      0.0,
      0.07
    ],
    [
      0.0,
      0.845,
      0.005,
      0.15,
      0.0,
      0.0
    ],
    [
      0.19,
      0.015,
      0.55,
      0.225,
      0.0,
      0.02
    ],
    [
      0.01,
      0.2,
      0.215,
      0.56,
      0.0,
      0.015
    ],
    [
      0.0,
      0.0,
      0.0,
      0.0,
      1.0,
      0.0
    ],
    [
      0.04,
      0.0,
      0.0,
      0.0,
      0.0,
      0.96
    ]
  ],
  "diagonal_mean": 0.7841666666666667,
  "mean_log_likelihood_gap": 4.151152202354336
}